StartDate,EndDate,Status,IPAddress,Progress,Duration (in seconds),Finished,RecordedDate,ResponseId,RecipientLastName,RecipientFirstName,RecipientEmail,ExternalReference,LocationLatitude,LocationLongitude,DistributionChannel,UserLanguage,Q_RecaptchaScore,Q1.1,Q1.2,Q2.1,Q3.2,Q3.3,Q3.4,Q3.5,Q4.2,Q4.3,1_Q5.1,1_Q5.2,1_Q5.3,2_Q5.1,2_Q5.2,2_Q5.3,3_Q5.1,3_Q5.2,3_Q5.3,4_Q5.1,4_Q5.2,4_Q5.3,5_Q5.1,5_Q5.2,5_Q5.3,6_Q5.1,6_Q5.2,6_Q5.3,7_Q5.1,7_Q5.2,7_Q5.3,8_Q5.1,8_Q5.2,8_Q5.3,9_Q5.1,9_Q5.2,9_Q5.3,10_Q5.1,10_Q5.2,10_Q5.3,Q6.2,Q6.3,Q6.4,Q6.5,Q7.1,Q8.1,Q8.2,1_Q9.1,1_Q9.2,1_Q9.3,1_Q9.4,1_Q9.5,1_Q9.6,2_Q9.1,2_Q9.2,2_Q9.3,2_Q9.4,2_Q9.5,2_Q9.6,3_Q9.1,3_Q9.2,3_Q9.3,3_Q9.4,3_Q9.5,3_Q9.6,4_Q9.1,4_Q9.2,4_Q9.3,4_Q9.4,4_Q9.5,4_Q9.6,5_Q9.1,5_Q9.2,5_Q9.3,5_Q9.4,5_Q9.5,5_Q9.6,Q10.2,Q10.3,Q10.4,Q10.5,Q11.2,Q11.3,1_Q12.1,1_Q12.2,1_Q12.3,2_Q12.1,2_Q12.2,2_Q12.3,3_Q12.1,3_Q12.2,3_Q12.3,4_Q12.1,4_Q12.2,4_Q12.3,5_Q12.1,5_Q12.2,5_Q12.3,6_Q12.1,6_Q12.2,6_Q12.3,7_Q12.1,7_Q12.2,7_Q12.3,8_Q12.1,8_Q12.2,8_Q12.3,9_Q12.1,9_Q12.2,9_Q12.3,10_Q12.1,10_Q12.2,10_Q12.3,Q13.1,Q14.1,Q14.2,Q15.1,Q_RecaptchaStatus,Q_RecaptchaError,gc
Start Date,End Date,Response Type,IP Address,Progress,Duration (in seconds),Finished,Recorded Date,Response ID,Recipient Last Name,Recipient First Name,Recipient Email,External Data Reference,Location Latitude,Location Longitude,Distribution Channel,User Language,Q_RecaptchaScore,Coder ID,"Case number (e.g., ""25AVUD01285"" — enter ""test"" if just testing survey)",Is there an application for service by posting in the file?,"What date was the application filed? Enter as mm/dd/yyyy (e.g., 01/05/2026).","What date was the application granted? Enter as mm/dd/yyyy (e.g., 01/05/2026).",What is the name of the judge?,What division or department is the judge in?,How many other attempts at service are indicated in the affidavit of service? (Enter a number.),"What is the name of the ""Declaration of Diligence"" PDF or ""Application for Service by Posting"" pdf that you're relying on to input the other attempts at service? (If multiple PDFs, input all their names.) E.g., 25AVUD01698_114129517","1 - Date of the [Field-1][Field-2] other attempt at service. Enter as mm/dd/yyyy (e.g., 01/05/2026).","1 - Time of the [Field-1][Field-2] other attempt at service.

Enter as 12-hour HH:MM am/pm (e.g., 4:24 pm or 3:15 am).","1 - Copy-paste the description of the [Field-1][Field-2] other attempt at service. (Note: If this includes the actual name of the defendant, replace the name with REDACTED.)","2 - Date of the [Field-1][Field-2] other attempt at service. Enter as mm/dd/yyyy (e.g., 01/05/2026).","2 - Time of the [Field-1][Field-2] other attempt at service.

Enter as 12-hour HH:MM am/pm (e.g., 4:24 pm or 3:15 am).","2 - Copy-paste the description of the [Field-1][Field-2] other attempt at service. (Note: If this includes the actual name of the defendant, replace the name with REDACTED.)","3 - Date of the [Field-1][Field-2] other attempt at service. Enter as mm/dd/yyyy (e.g., 01/05/2026).","3 - Time of the [Field-1][Field-2] other attempt at service.

Enter as 12-hour HH:MM am/pm (e.g., 4:24 pm or 3:15 am).","3 - Copy-paste the description of the [Field-1][Field-2] other attempt at service. (Note: If this includes the actual name of the defendant, replace the name with REDACTED.)","4 - Date of the [Field-1][Field-2] other attempt at service. Enter as mm/dd/yyyy (e.g., 01/05/2026).","4 - Time of the [Field-1][Field-2] other attempt at service.

Enter as 12-hour HH:MM am/pm (e.g., 4:24 pm or 3:15 am).","4 - Copy-paste the description of the [Field-1][Field-2] other attempt at service. (Note: If this includes the actual name of the defendant, replace the name with REDACTED.)","5 - Date of the [Field-1][Field-2] other attempt at service. Enter as mm/dd/yyyy (e.g., 01/05/2026).","5 - Time of the [Field-1][Field-2] other attempt at service.

Enter as 12-hour HH:MM am/pm (e.g., 4:24 pm or 3:15 am).","5 - Copy-paste the description of the [Field-1][Field-2] other attempt at service. (Note: If this includes the actual name of the defendant, replace the name with REDACTED.)","6 - Date of the [Field-1][Field-2] other attempt at service. Enter as mm/dd/yyyy (e.g., 01/05/2026).","6 - Time of the [Field-1][Field-2] other attempt at service.

Enter as 12-hour HH:MM am/pm (e.g., 4:24 pm or 3:15 am).","6 - Copy-paste the description of the [Field-1][Field-2] other attempt at service. (Note: If this includes the actual name of the defendant, replace the name with REDACTED.)","7 - Date of the [Field-1][Field-2] other attempt at service. Enter as mm/dd/yyyy (e.g., 01/05/2026).","7 - Time of the [Field-1][Field-2] other attempt at service.

Enter as 12-hour HH:MM am/pm (e.g., 4:24 pm or 3:15 am).","7 - Copy-paste the description of the [Field-1][Field-2] other attempt at service. (Note: If this includes the actual name of the defendant, replace the name with REDACTED.)","8 - Date of the [Field-1][Field-2] other attempt at service. Enter as mm/dd/yyyy (e.g., 01/05/2026).","8 - Time of the [Field-1][Field-2] other attempt at service.

Enter as 12-hour HH:MM am/pm (e.g., 4:24 pm or 3:15 am).","8 - Copy-paste the description of the [Field-1][Field-2] other attempt at service. (Note: If this includes the actual name of the defendant, replace the name with REDACTED.)","9 - Date of the [Field-1][Field-2] other attempt at service. Enter as mm/dd/yyyy (e.g., 01/05/2026).","9 - Time of the [Field-1][Field-2] other attempt at service.

Enter as 12-hour HH:MM am/pm (e.g., 4:24 pm or 3:15 am).","9 - Copy-paste the description of the [Field-1][Field-2] other attempt at service. (Note: If this includes the actual name of the defendant, replace the name with REDACTED.)","10 - Date of the [Field-1][Field-2] other attempt at service. Enter as mm/dd/yyyy (e.g., 01/05/2026).","10 - Time of the [Field-1][Field-2] other attempt at service.

Enter as 12-hour HH:MM am/pm (e.g., 4:24 pm or 3:15 am).","10 - Copy-paste the description of the [Field-1][Field-2] other attempt at service. (Note: If this includes the actual name of the defendant, replace the name with REDACTED.)",What is the name of the process server? (IMPORTANT: Please double check that the spelling matches exactly and there are no typos.),What is the name of the service company? (IMPORTANT: Please double check that the spelling matches exactly and there are no typos.),What is the registration number of the process server?,How much did the server charge for service?,How many named defendants are in the case? (Enter a number.),Is there a proof of service in the file?,"Earlier you logged attempts at service based on the ""application for service by posting"" pdf.

Does ""proof of service pdf"" list any additional attempts at service? (You will not be asked to re-log the same attempts at service.)",1 - How was the [Field-1][Field-2] named defendant served?,1 - Copy-paste the address where the party was served.,"1 - What date was the [Field-1][Field-2] named defendant served? Enter as mm/dd/yyyy (e.g., 01/05/2026).","1 - What time was the [Field-1][Field-2] named defendant served? Enter as 12-hour HH:MM am/pm (e.g., 4:24 pm or 3:15 am).","1 - Copy-paste the name and description, if any, of the co-occupant. (E.g., ANGEL DOE, CO-OCCUPANT Desc: Sex: Male - Age: 20 - Skin: Hispanic - Hair: Black - Height: 5ft 7in - Weight: 150)","1 - For the [Field-1][Field-2] named defendant, what date was the mailed service postmarked? Enter as mm/dd/yyyy (e.g., 01/05/2026).",2 - How was the [Field-1][Field-2] named defendant served?,2 - Copy-paste the address where the party was served.,"2 - What date was the [Field-1][Field-2] named defendant served? Enter as mm/dd/yyyy (e.g., 01/05/2026).","2 - What time was the [Field-1][Field-2] named defendant served? Enter as 12-hour HH:MM am/pm (e.g., 4:24 pm or 3:15 am).","2 - Copy-paste the name and description, if any, of the co-occupant. (E.g., ANGEL DOE, CO-OCCUPANT Desc: Sex: Male - Age: 20 - Skin: Hispanic - Hair: Black - Height: 5ft 7in - Weight: 150)","2 - For the [Field-1][Field-2] named defendant, what date was the mailed service postmarked? Enter as mm/dd/yyyy (e.g., 01/05/2026).",3 - How was the [Field-1][Field-2] named defendant served?,3 - Copy-paste the address where the party was served.,"3 - What date was the [Field-1][Field-2] named defendant served? Enter as mm/dd/yyyy (e.g., 01/05/2026).","3 - What time was the [Field-1][Field-2] named defendant served? Enter as 12-hour HH:MM am/pm (e.g., 4:24 pm or 3:15 am).","3 - Copy-paste the name and description, if any, of the co-occupant. (E.g., ANGEL DOE, CO-OCCUPANT Desc: Sex: Male - Age: 20 - Skin: Hispanic - Hair: Black - Height: 5ft 7in - Weight: 150)","3 - For the [Field-1][Field-2] named defendant, what date was the mailed service postmarked? Enter as mm/dd/yyyy (e.g., 01/05/2026).",4 - How was the [Field-1][Field-2] named defendant served?,4 - Copy-paste the address where the party was served.,"4 - What date was the [Field-1][Field-2] named defendant served? Enter as mm/dd/yyyy (e.g., 01/05/2026).","4 - What time was the [Field-1][Field-2] named defendant served? Enter as 12-hour HH:MM am/pm (e.g., 4:24 pm or 3:15 am).","4 - Copy-paste the name and description, if any, of the co-occupant. (E.g., ANGEL DOE, CO-OCCUPANT Desc: Sex: Male - Age: 20 - Skin: Hispanic - Hair: Black - Height: 5ft 7in - Weight: 150)","4 - For the [Field-1][Field-2] named defendant, what date was the mailed service postmarked? Enter as mm/dd/yyyy (e.g., 01/05/2026).",5 - How was the [Field-1][Field-2] named defendant served?,5 - Copy-paste the address where the party was served.,"5 - What date was the [Field-1][Field-2] named defendant served? Enter as mm/dd/yyyy (e.g., 01/05/2026).","5 - What time was the [Field-1][Field-2] named defendant served? Enter as 12-hour HH:MM am/pm (e.g., 4:24 pm or 3:15 am).","5 - Copy-paste the name and description, if any, of the co-occupant. (E.g., ANGEL DOE, CO-OCCUPANT Desc: Sex: Male - Age: 20 - Skin: Hispanic - Hair: Black - Height: 5ft 7in - Weight: 150)","5 - For the [Field-1][Field-2] named defendant, what date was the mailed service postmarked? Enter as mm/dd/yyyy (e.g., 01/05/2026).",What is the name of the process server? (IMPORTANT: Please double check that the spelling matches exactly and there are no typos.),What is the name of the service company? (IMPORTANT: Please double check that the spelling matches exactly and there are no typos.),What is the registration number of the process server?,How much did the server charge for service?,How many other attempts at service are indicated in the affidavit of service? (Enter a number.),"What is the name of the ""Declaration of Diligence"" PDF or ""Application for Service by Posting"" pdf that you're relying on to input the other attempts at service? (If multiple PDFs, input all their names.) E.g., 25AVUD01698_114129517","1 - Date of the [Field-1][Field-2] other attempt at service. Enter as mm/dd/yyyy (e.g., 01/05/2026).","1 - Time of the [Field-1][Field-2] other attempt at service.

Enter as 12-hour HH:MM am/pm (e.g., 4:24 pm or 3:15 am).","1 - Copy-paste the description of the [Field-1][Field-2] other attempt at service. (Note: If this includes the actual name of the defendant, replace the name with REDACTED.)","2 - Date of the [Field-1][Field-2] other attempt at service. Enter as mm/dd/yyyy (e.g., 01/05/2026).","2 - Time of the [Field-1][Field-2] other attempt at service.

Enter as 12-hour HH:MM am/pm (e.g., 4:24 pm or 3:15 am).","2 - Copy-paste the description of the [Field-1][Field-2] other attempt at service. (Note: If this includes the actual name of the defendant, replace the name with REDACTED.)","3 - Date of the [Field-1][Field-2] other attempt at service. Enter as mm/dd/yyyy (e.g., 01/05/2026).","3 - Time of the [Field-1][Field-2] other attempt at service.

Enter as 12-hour HH:MM am/pm (e.g., 4:24 pm or 3:15 am).","3 - Copy-paste the description of the [Field-1][Field-2] other attempt at service. (Note: If this includes the actual name of the defendant, replace the name with REDACTED.)","4 - Date of the [Field-1][Field-2] other attempt at service. Enter as mm/dd/yyyy (e.g., 01/05/2026).","4 - Time of the [Field-1][Field-2] other attempt at service.

Enter as 12-hour HH:MM am/pm (e.g., 4:24 pm or 3:15 am).","4 - Copy-paste the description of the [Field-1][Field-2] other attempt at service. (Note: If this includes the actual name of the defendant, replace the name with REDACTED.)","5 - Date of the [Field-1][Field-2] other attempt at service. Enter as mm/dd/yyyy (e.g., 01/05/2026).","5 - Time of the [Field-1][Field-2] other attempt at service.

Enter as 12-hour HH:MM am/pm (e.g., 4:24 pm or 3:15 am).","5 - Copy-paste the description of the [Field-1][Field-2] other attempt at service. (Note: If this includes the actual name of the defendant, replace the name with REDACTED.)","6 - Date of the [Field-1][Field-2] other attempt at service. Enter as mm/dd/yyyy (e.g., 01/05/2026).","6 - Time of the [Field-1][Field-2] other attempt at service.

Enter as 12-hour HH:MM am/pm (e.g., 4:24 pm or 3:15 am).","6 - Copy-paste the description of the [Field-1][Field-2] other attempt at service. (Note: If this includes the actual name of the defendant, replace the name with REDACTED.)","7 - Date of the [Field-1][Field-2] other attempt at service. Enter as mm/dd/yyyy (e.g., 01/05/2026).","7 - Time of the [Field-1][Field-2] other attempt at service.

Enter as 12-hour HH:MM am/pm (e.g., 4:24 pm or 3:15 am).","7 - Copy-paste the description of the [Field-1][Field-2] other attempt at service. (Note: If this includes the actual name of the defendant, replace the name with REDACTED.)","8 - Date of the [Field-1][Field-2] other attempt at service. Enter as mm/dd/yyyy (e.g., 01/05/2026).","8 - Time of the [Field-1][Field-2] other attempt at service.

Enter as 12-hour HH:MM am/pm (e.g., 4:24 pm or 3:15 am).","8 - Copy-paste the description of the [Field-1][Field-2] other attempt at service. (Note: If this includes the actual name of the defendant, replace the name with REDACTED.)","9 - Date of the [Field-1][Field-2] other attempt at service. Enter as mm/dd/yyyy (e.g., 01/05/2026).","9 - Time of the [Field-1][Field-2] other attempt at service.

Enter as 12-hour HH:MM am/pm (e.g., 4:24 pm or 3:15 am).","9 - Copy-paste the description of the [Field-1][Field-2] other attempt at service. (Note: If this includes the actual name of the defendant, replace the name with REDACTED.)","10 - Date of the [Field-1][Field-2] other attempt at service. Enter as mm/dd/yyyy (e.g., 01/05/2026).","10 - Time of the [Field-1][Field-2] other attempt at service.

Enter as 12-hour HH:MM am/pm (e.g., 4:24 pm or 3:15 am).","10 - Copy-paste the description of the [Field-1][Field-2] other attempt at service. (Note: If this includes the actual name of the defendant, replace the name with REDACTED.)","Is there an affidavit in the case listing unnamed defendants? (It will usually list something like ""ALL OTHER UNNAMED OCCUPANTS"" under ""Party Served"")",How were the unnamed defendants served?,"For the unnamed defendants, what date was the mailed service postmarked? Enter as mm/dd/yyyy (e.g., 01/05/2026).",Any issues with this case you want to note?,Q_RecaptchaStatus,Q_RecaptchaError,gc
"{""ImportId"":""startDate"",""timeZone"":""America/Denver""}","{""ImportId"":""endDate"",""timeZone"":""America/Denver""}","{""ImportId"":""status""}","{""ImportId"":""ipAddress""}","{""ImportId"":""progress""}","{""ImportId"":""duration""}","{""ImportId"":""finished""}","{""ImportId"":""recordedDate"",""timeZone"":""America/Denver""}","{""ImportId"":""_recordId""}","{""ImportId"":""recipientLastName""}","{""ImportId"":""recipientFirstName""}","{""ImportId"":""recipientEmail""}","{""ImportId"":""externalDataReference""}","{""ImportId"":""locationLatitude""}","{""ImportId"":""locationLongitude""}","{""ImportId"":""distributionChannel""}","{""ImportId"":""userLanguage""}","{""ImportId"":""Q_RecaptchaScore""}","{""ImportId"":""QID13""}","{""ImportId"":""QID16_TEXT""}","{""ImportId"":""QID36""}","{""ImportId"":""QID41_TEXT""}","{""ImportId"":""QID42_TEXT""}","{""ImportId"":""QID40_TEXT""}","{""ImportId"":""QID47_TEXT""}","{""ImportId"":""QID8_TEXT""}","{""ImportId"":""QID32_TEXT""}","{""ImportId"":""1_QID9_TEXT""}","{""ImportId"":""1_QID10_TEXT""}","{""ImportId"":""1_QID26_TEXT""}","{""ImportId"":""2_QID9_TEXT""}","{""ImportId"":""2_QID10_TEXT""}","{""ImportId"":""2_QID26_TEXT""}","{""ImportId"":""3_QID9_TEXT""}","{""ImportId"":""3_QID10_TEXT""}","{""ImportId"":""3_QID26_TEXT""}","{""ImportId"":""4_QID9_TEXT""}","{""ImportId"":""4_QID10_TEXT""}","{""ImportId"":""4_QID26_TEXT""}","{""ImportId"":""5_QID9_TEXT""}","{""ImportId"":""5_QID10_TEXT""}","{""ImportId"":""5_QID26_TEXT""}","{""ImportId"":""6_QID9_TEXT""}","{""ImportId"":""6_QID10_TEXT""}","{""ImportId"":""6_QID26_TEXT""}","{""ImportId"":""7_QID9_TEXT""}","{""ImportId"":""7_QID10_TEXT""}","{""ImportId"":""7_QID26_TEXT""}","{""ImportId"":""8_QID9_TEXT""}","{""ImportId"":""8_QID10_TEXT""}","{""ImportId"":""8_QID26_TEXT""}","{""ImportId"":""9_QID9_TEXT""}","{""ImportId"":""9_QID10_TEXT""}","{""ImportId"":""9_QID26_TEXT""}","{""ImportId"":""10_QID9_TEXT""}","{""ImportId"":""10_QID10_TEXT""}","{""ImportId"":""10_QID26_TEXT""}","{""ImportId"":""QID6_TEXT""}","{""ImportId"":""QID25_TEXT""}","{""ImportId"":""QID28_TEXT""}","{""ImportId"":""QID44_TEXT""}","{""ImportId"":""QID1_TEXT""}","{""ImportId"":""QID35""}","{""ImportId"":""QID46""}","{""ImportId"":""1_QID2""}","{""ImportId"":""1_QID34_TEXT""}","{""ImportId"":""1_QID3_TEXT""}","{""ImportId"":""1_QID11_TEXT""}","{""ImportId"":""1_QID30_TEXT""}","{""ImportId"":""1_QID4_TEXT""}","{""ImportId"":""2_QID2""}","{""ImportId"":""2_QID34_TEXT""}","{""ImportId"":""2_QID3_TEXT""}","{""ImportId"":""2_QID11_TEXT""}","{""ImportId"":""2_QID30_TEXT""}","{""ImportId"":""2_QID4_TEXT""}","{""ImportId"":""3_QID2""}","{""ImportId"":""3_QID34_TEXT""}","{""ImportId"":""3_QID3_TEXT""}","{""ImportId"":""3_QID11_TEXT""}","{""ImportId"":""3_QID30_TEXT""}","{""ImportId"":""3_QID4_TEXT""}","{""ImportId"":""4_QID2""}","{""ImportId"":""4_QID34_TEXT""}","{""ImportId"":""4_QID3_TEXT""}","{""ImportId"":""4_QID11_TEXT""}","{""ImportId"":""4_QID30_TEXT""}","{""ImportId"":""4_QID4_TEXT""}","{""ImportId"":""5_QID2""}","{""ImportId"":""5_QID34_TEXT""}","{""ImportId"":""5_QID3_TEXT""}","{""ImportId"":""5_QID11_TEXT""}","{""ImportId"":""5_QID30_TEXT""}","{""ImportId"":""5_QID4_TEXT""}","{""ImportId"":""QID56_TEXT""}","{""ImportId"":""QID57_TEXT""}","{""ImportId"":""QID58_TEXT""}","{""ImportId"":""QID59_TEXT""}","{""ImportId"":""QID50_TEXT""}","{""ImportId"":""QID51_TEXT""}","{""ImportId"":""1_QID52_TEXT""}","{""ImportId"":""1_QID53_TEXT""}","{""ImportId"":""1_QID54_TEXT""}","{""ImportId"":""2_QID52_TEXT""}","{""ImportId"":""2_QID53_TEXT""}","{""ImportId"":""2_QID54_TEXT""}","{""ImportId"":""3_QID52_TEXT""}","{""ImportId"":""3_QID53_TEXT""}","{""ImportId"":""3_QID54_TEXT""}","{""ImportId"":""4_QID52_TEXT""}","{""ImportId"":""4_QID53_TEXT""}","{""ImportId"":""4_QID54_TEXT""}","{""ImportId"":""5_QID52_TEXT""}","{""ImportId"":""5_QID53_TEXT""}","{""ImportId"":""5_QID54_TEXT""}","{""ImportId"":""6_QID52_TEXT""}","{""ImportId"":""6_QID53_TEXT""}","{""ImportId"":""6_QID54_TEXT""}","{""ImportId"":""7_QID52_TEXT""}","{""ImportId"":""7_QID53_TEXT""}","{""ImportId"":""7_QID54_TEXT""}","{""ImportId"":""8_QID52_TEXT""}","{""ImportId"":""8_QID53_TEXT""}","{""ImportId"":""8_QID54_TEXT""}","{""ImportId"":""9_QID52_TEXT""}","{""ImportId"":""9_QID53_TEXT""}","{""ImportId"":""9_QID54_TEXT""}","{""ImportId"":""10_QID52_TEXT""}","{""ImportId"":""10_QID53_TEXT""}","{""ImportId"":""10_QID54_TEXT""}","{""ImportId"":""QID17""}","{""ImportId"":""QID18""}","{""ImportId"":""QID21_TEXT""}","{""ImportId"":""QID23_TEXT""}","{""ImportId"":""Q_RecaptchaStatus""}","{""ImportId"":""Q_RecaptchaError""}","{""ImportId"":""gc""}"
5/13/26 15:22,5/14/26 14:00,IP Address,67.54.192.253,100,81457,TRUE,5/14/26 14:00,R_6OxAstBLJHp3SyC,,,,,38.894,-77.0365,anonymous,EN,1,Daniel,25CHUD00368,No,,,,,,,,,,,,,,,,,,,,,,,,,,,,,,,,,,,,,Frank Navarro,"Countrywide Process, LLC",2014289093,210,1,Yes,,Personal service,redacted,4/3/25,2:47 PM,,,,,,,,,,,,,,,,,,,,,,,,,,,,,,,,,,,,,,,,,,,,,,,,,,,,,,,,,,,,,,,Yes,Substitute service,4/3/25,,complete,,1
5/14/26 14:00,5/14/26 14:11,IP Address,67.54.192.253,100,648,TRUE,5/14/26 14:11,R_1oaOxzDYepTYc2b,,,,,37.751,-97.822,anonymous,EN,1,Daniel,25CHUD00001,Yes,1/28/25,1/28/25,Victor Avila,F44,5,25CHUD00001_105859622,1/9/25,7:40 AM,"I knocked on the door several times but no one answered.
",1/10/25,8:40 PM,There were no lights on in the unit and I heard no sound coming from inside the unit.,1/12/25,10:40 AM,I knocked on the door several times but no one answered. There was still no response.,1/13/25,5:10 PM,I announced that I am a registered process server here to serve court documents. There was still no response.,1/15/25,9:18 PM,I knocked on the door several times but no one answered. There was still no response.,,,,,,,,,,,,,,,,RONNY W DEL CID,M & M Attorney Service Inc.,,85,2,No,,,,,,,,,,,,,,,,,,,,,,,,,,,,,,,,,,,,,,,,,,,,,,,,,,,,,,,,,,,,,,,,,,,,,,,,complete,,1
5/14/26 14:11,5/14/26 14:26,IP Address,67.54.192.253,100,923,TRUE,5/14/26 14:26,R_6iRmMw8AC72VNhw,,,,,37.751,-97.822,anonymous,EN,1,Daniel,25AVUD01698,No,,,,,,,,,,,,,,,,,,,,,,,,,,,,,,,,,,,,,Frank Navarro,"Countrywide Process, LLC",2014289093,210,2,Yes,,Substitute service,redacted,,,named tenant [REDACTED,,Personal service,"3538 E. AVENUE R11 PALMDALE, CA 93550",1/13/26,3:57 PM,,,,,,,,,,,,,,,,,,,,,,,,,,,,,,,,,,,,,,,,,,,,,,,,,,,,,,,,,No,,,,complete,,1
5/14/26 14:35,5/14/26 14:41,IP Address,67.54.192.253,100,319,TRUE,5/14/26 14:41,R_7kYavSWmQDFchqh,,,,,37.751,-97.822,anonymous,EN,1,Daniel,25AVUD00877,No,,,,,,,,,,,,,,,,,,,,,,,,,,,,,,,,,,,,,,,,,1,Yes,,Personal service,41047 174th Street East Lancaster CA 93535,7/2/25,6:30 AM,,,,,,,,,,,,,,,,,,,,,,,,,,,Lorraine Schaum,,2012125567,50,0,NA,,,,,,,,,,,,,,,,,,,,,,,,,,,,,,,Yes,Substitute service,7/2/25,,complete,,1
5/14/26 14:41,5/14/26 14:46,IP Address,67.54.192.253,100,306,TRUE,5/14/26 14:46,R_1pKyygU68oSI5u5,,,,,37.751,-97.822,anonymous,EN,1,Daniel,25AVUD00301,Yes,3/12/25,3/12/25,Unclear--Signature Only,A9,3,25avud00301_106857563,3/2/25,12:50 PM,There is no answer at the residence address,3/3/25,5:45 PM,There is no answer at the residence address,3/4/25,8:17 AM,There is no answer at the residence address,,,,,,,,,,,,,,,,,,,,,,Wilfredo Quijada,,,145,2,No,,,,,,,,,,,,,,,,,,,,,,,,,,,,,,,,,,,,,,,,,,,,,,,,,,,,,,,,,,,,,,,,,,,,,,,,complete,,1
5/14/26 15:21,5/14/26 15:31,IP Address,67.54.192.253,100,585,TRUE,5/14/26 15:31,R_5QGXo3ZXetSQHnP,,,,,37.751,-97.822,anonymous,EN,1,Daniel,25AVUD001171,No,,,,,,,,,,,,,,,,,,,,,,,,,,,,,,,,,,,,,,,,,1,Yes,,Substitute service,"34 E. AVENUE Q, #3 PALMDALE, CA 93550",,,ANE DOE CO-OCCUPANT Desc: Sex: Female Age: 35 Skin: African American Hair: Black Height: 5ft 4in Weight: 145,,,,,,,,,,,,,,,,,,,,,,,,,,Frank Navarro,"Countrywide Process, LLC",2014289093,210,3,25AVUD01171_11538450,8/28/25,7:16am,"134 E, AVENUE Q, #3 PALMDALE CA 93550; WENT TO THE DOOR, KNOCKED SEVERAL TIMES, NOBODY ANSWERED THE DOOR.",8/29/25,12:07 PM,"1134 E. AVENUE Q, #3 PALMDALE CA 93550; WENT TO THE DOOR, KNOCKED SEVERAL TIMES, NOBODY ANSWERED THE DOOR, AIR CONDITION IS TURNED ON INSIDE.",8/30/25,7:28 PM,"VENUE Q, #3 PALMDALE CA 93550; WENT TO THE DOOR, KNOCKED SEVERAL TIMES AND WAITED, NOBODY ANSWERED THE DOOR, AIR CONDITION IS TURNED ON INSIDE",,,,,,,,,,,,,,,,,,,,,,Yes,Substitute service,9/2/25,Note that substitute service was made at 3:55pm on 09/02/2025,complete,,1