pos_type,attorney_fees,case_number,has_application_for_posting,application_filed_date,application_granted_date,judge_name,judge_department,has_proof_of_service,process_server_name,service_company_name,process_server_registration,service_charge,num_named_defendants,has_unnamed_defendants,unnamed_service_method,unnamed_mailing_postmark_date,num_attempts,_file,defendants,attempts,_error
posting and mailing,0,25AVUD00301,True,03/12/2025,03/12/2025,Cuello,A9,False,"Niv V. Davidovich, Esq.",Davidovich Stone Law Group LLP,247328,,0,False,,,0,25AVUD00301_106857563.pdf,[],[],
,,,,,,,,,,,,,,,,,,25AVUD00877_109522721.pdf,[],[],"(InvalidRequest) Invalid request.
Code: InvalidRequest
Message: Invalid request.
Inner error: {
    ""code"": ""InvalidContentLength"",
    ""message"": ""The input image is too large. Refer to documentation for the maximum file size.""
}"
,,,,,,,,,,,,,,,,,,25AVUD00877_109522786.pdf,[],[],"(InvalidRequest) Invalid request.
Code: InvalidRequest
Message: Invalid request.
Inner error: {
    ""code"": ""InvalidContentLength"",
    ""message"": ""The input image is too large. Refer to documentation for the maximum file size.""
}"
substituted,210,25AVUD01171,False,,,,,True,FRANK NAVARRO,"Countrywide Process, LLC",2014289093,210.00,1,True,substitute,09/02/2025,0,25AVUD01171_111538450.pdf,"[{""defendant_name"": ""ARTAVIA TIMS"", ""service_method"": ""substitute"", ""service_address"": ""Not specified"", ""service_date"": ""09/02/2025"", ""service_time"": ""3:55 PM"", ""co_occupant_description"": ""JANE DOE , CO-OCCUPANT - Sex: Female - Age: 35 - Skin: African American - Hair: Black - Height: 5ft 4in - Weight: 145"", ""mailing_postmark_date"": ""09/02/2025""}]",[],
substituted,210,25AVUD01171,False,,,,,True,FRANK NAVARRO,"Countrywide Process, LLC",2014289093,210.00,1,True,posting,09/02/2025,0,25AVUD01171_111538451.pdf,"[{""defendant_name"": ""ALL OTHER UNNAMED OCCUPANTS"", ""service_method"": ""substitute"", ""service_address"": """", ""service_date"": ""09/02/2025"", ""service_time"": ""3:55 PM"", ""co_occupant_description"": ""JANE DOE , CO-OCCUPANT; Sex: Female - Age: 35 - Skin: African American - Hair: Black - Height: 5ft 4in - Weight: 145"", ""mailing_postmark_date"": ""09/02/2025""}]",[],
personal,210,25AVUD01698,False,,,,,True,FRANK NAVARRO,"Countrywide Process, LLC",2014289093,210.00,1,False,,,0,25AVUD01698_114129516.pdf,"[{""defendant_name"": ""REDACTED"", ""service_method"": ""personal"", ""service_address"": ""REDACTED"", ""service_date"": ""01/13/2026"", ""service_time"": ""3:57 PM"", ""co_occupant_description"": null, ""mailing_postmark_date"": null}]",[],
posting and mailing,0,25CHUD00001,True,01/28/2025,01/28/2025,Victor Avila,F44,False,Chris Evans,"Kimball, Tirey & St. John LLP",#202135,,1,False,,,0,25CHUD00001_105859622.pdf,"[{""defendant_name"": ""REDACTED"", ""service_method"": ""posting"", ""service_address"": ""REDACTED"", ""service_date"": ""01/28/2025"", ""service_time"": null, ""co_occupant_description"": null, ""mailing_postmark_date"": ""01/28/2025""}]",[],
personal,210,25CHUD00368,False,,,,,True,FRANK NAVARRO,"Countrywide Process, LLC",2014289093,210.00,1,False,,,0,25CHUD00368_107752100.pdf,"[{""defendant_name"": ""REDACTED"", ""service_method"": ""personal"", ""service_address"": ""REDACTED"", ""service_date"": ""04/03/2025"", ""service_time"": ""2:47 PM"", ""co_occupant_description"": null, ""mailing_postmark_date"": null}]",[],
